{
  "/actions/Account.action-111" : {
    "transaction" : "/actions/Account.action-111",
    "sampleCount" : 14,
    "errorCount" : 0,
    "errorPct" : 0.0,
    "meanResTime" : 536.0714285714284,
    "medianResTime" : 504.0,
    "minResTime" : 432.0,
    "maxResTime" : 740.0,
    "pct1ResTime" : 705.5,
    "pct2ResTime" : 740.0,
    "pct3ResTime" : 740.0,
    "throughput" : 0.6584207308470112,
    "receivedKBytesPerSec" : 3.1802235691106615,
    "sentKBytesPerSec" : 1.4280785578234492
  },
  "/actions/Account.action;jsessionid=DB214B0BB74BFD72B29CB3683A750FA1-81-0" : {
    "transaction" : "/actions/Account.action;jsessionid=DB214B0BB74BFD72B29CB3683A750FA1-81-0",
    "sampleCount" : 15,
    "errorCount" : 0,
    "errorPct" : 0.0,
    "meanResTime" : 343.99999999999994,
    "medianResTime" : 302.0,
    "minResTime" : 219.0,
    "maxResTime" : 706.0,
    "pct1ResTime" : 571.6000000000001,
    "pct2ResTime" : 706.0,
    "pct3ResTime" : 706.0,
    "throughput" : 0.6990399850871469,
    "receivedKBytesPerSec" : 2.6277258918585145,
    "sentKBytesPerSec" : 0.4464571779755802
  },
  "/actions/Account.action-85-0" : {
    "transaction" : "/actions/Account.action-85-0",
    "sampleCount" : 15,
    "errorCount" : 0,
    "errorPct" : 0.0,
    "meanResTime" : 304.6666666666667,
    "medianResTime" : 238.0,
    "minResTime" : 223.0,
    "maxResTime" : 649.0,
    "pct1ResTime" : 539.8000000000001,
    "pct2ResTime" : 649.0,
    "pct3ResTime" : 649.0,
    "throughput" : 0.7005417522884364,
    "receivedKBytesPerSec" : 3.9763041752288437,
    "sentKBytesPerSec" : 0.45836227932934803
  },
  "/actions/Account.action-85" : {
    "transaction" : "/actions/Account.action-85",
    "sampleCount" : 15,
    "errorCount" : 0,
    "errorPct" : 0.0,
    "meanResTime" : 304.6666666666667,
    "medianResTime" : 238.0,
    "minResTime" : 223.0,
    "maxResTime" : 649.0,
    "pct1ResTime" : 539.8000000000001,
    "pct2ResTime" : 649.0,
    "pct3ResTime" : 649.0,
    "throughput" : 0.7005417522884364,
    "receivedKBytesPerSec" : 3.9763041752288437,
    "sentKBytesPerSec" : 0.45836227932934803
  },
  "/actions/Account.action-111-1" : {
    "transaction" : "/actions/Account.action-111-1",
    "sampleCount" : 14,
    "errorCount" : 0,
    "errorPct" : 0.0,
    "meanResTime" : 257.9285714285714,
    "medianResTime" : 238.5,
    "minResTime" : 218.0,
    "maxResTime" : 372.0,
    "pct1ResTime" : 343.5,
    "pct2ResTime" : 372.0,
    "pct3ResTime" : 372.0,
    "throughput" : 0.6654941293910729,
    "receivedKBytesPerSec" : 3.0727111755478442,
    "sentKBytesPerSec" : 0.4562274207348957
  },
  "/actions/Catalog.action-112-0" : {
    "transaction" : "/actions/Catalog.action-112-0",
    "sampleCount" : 13,
    "errorCount" : 0,
    "errorPct" : 0.0,
    "meanResTime" : 255.07692307692307,
    "medianResTime" : 243.0,
    "minResTime" : 220.0,
    "maxResTime" : 367.0,
    "pct1ResTime" : 336.59999999999997,
    "pct2ResTime" : 367.0,
    "pct3ResTime" : 367.0,
    "throughput" : 0.6422607578676942,
    "receivedKBytesPerSec" : 2.9654383429672446,
    "sentKBytesPerSec" : 0.3851055716120745
  },
  "01_Launch" : {
    "transaction" : "01_Launch",
    "sampleCount" : 16,
    "errorCount" : 0,
    "errorPct" : 0.0,
    "meanResTime" : 4475.562499999999,
    "medianResTime" : 3735.5,
    "minResTime" : 3496.0,
    "maxResTime" : 8087.0,
    "pct1ResTime" : 8014.2,
    "pct2ResTime" : 8087.0,
    "pct3ResTime" : 8087.0,
    "throughput" : 0.4824072119878192,
    "receivedKBytesPerSec" : 27.9816793612627,
    "sentKBytesPerSec" : 3.9365182259474776
  },
  "04_SaveAccountInformation" : {
    "transaction" : "04_SaveAccountInformation",
    "sampleCount" : 13,
    "errorCount" : 0,
    "errorPct" : 0.0,
    "meanResTime" : 790.9230769230768,
    "medianResTime" : 756.0,
    "minResTime" : 686.0,
    "maxResTime" : 971.0,
    "pct1ResTime" : 961.8,
    "pct2ResTime" : 971.0,
    "pct3ResTime" : 971.0,
    "throughput" : 0.6278979907264297,
    "receivedKBytesPerSec" : 5.931919103796368,
    "sentKBytesPerSec" : 1.7383699254974883
  },
  "/actions/Catalog.action-57" : {
    "transaction" : "/actions/Catalog.action-57",
    "sampleCount" : 16,
    "errorCount" : 0,
    "errorPct" : 0.0,
    "meanResTime" : 4475.562499999999,
    "medianResTime" : 3735.5,
    "minResTime" : 3496.0,
    "maxResTime" : 8087.0,
    "pct1ResTime" : 8014.2,
    "pct2ResTime" : 8087.0,
    "pct3ResTime" : 8087.0,
    "throughput" : 0.4843347964280309,
    "receivedKBytesPerSec" : 28.093487494324204,
    "sentKBytesPerSec" : 3.9522476161646742
  },
  "/actions/Catalog.action-57-12" : {
    "transaction" : "/actions/Catalog.action-57-12",
    "sampleCount" : 16,
    "errorCount" : 0,
    "errorPct" : 0.0,
    "meanResTime" : 219.18749999999997,
    "medianResTime" : 218.0,
    "minResTime" : 208.0,
    "maxResTime" : 233.0,
    "pct1ResTime" : 230.2,
    "pct2ResTime" : 233.0,
    "pct3ResTime" : 233.0,
    "throughput" : 0.6346184356655561,
    "receivedKBytesPerSec" : 0.4294829842931937,
    "sentKBytesPerSec" : 0.3259856417578931
  },
  "/actions/Catalog.action-57-11" : {
    "transaction" : "/actions/Catalog.action-57-11",
    "sampleCount" : 16,
    "errorCount" : 0,
    "errorPct" : 0.0,
    "meanResTime" : 220.00000000000006,
    "medianResTime" : 220.5,
    "minResTime" : 210.0,
    "maxResTime" : 228.0,
    "pct1ResTime" : 227.3,
    "pct2ResTime" : 228.0,
    "pct3ResTime" : 228.0,
    "throughput" : 0.6344171292624902,
    "receivedKBytesPerSec" : 0.46651962727993657,
    "sentKBytesPerSec" : 0.32588223632038066
  },
  "/actions/Catalog.action-57-10" : {
    "transaction" : "/actions/Catalog.action-57-10",
    "sampleCount" : 16,
    "errorCount" : 0,
    "errorPct" : 0.0,
    "meanResTime" : 219.43750000000003,
    "medianResTime" : 218.5,
    "minResTime" : 209.0,
    "maxResTime" : 228.0,
    "pct1ResTime" : 228.0,
    "pct2ResTime" : 228.0,
    "pct3ResTime" : 228.0,
    "throughput" : 0.6341154090044389,
    "receivedKBytesPerSec" : 0.44833941027266966,
    "sentKBytesPerSec" : 0.32572725110970197
  },
  "/actions/Catalog.action-57-15" : {
    "transaction" : "/actions/Catalog.action-57-15",
    "sampleCount" : 16,
    "errorCount" : 0,
    "errorPct" : 0.0,
    "meanResTime" : 335.81249999999994,
    "medianResTime" : 364.5,
    "minResTime" : 222.0,
    "maxResTime" : 499.0,
    "pct1ResTime" : 427.6000000000001,
    "pct2ResTime" : 499.0,
    "pct3ResTime" : 499.0,
    "throughput" : 0.6318616223047153,
    "receivedKBytesPerSec" : 22.45206737224548,
    "sentKBytesPerSec" : 0.32271838717320905
  },
  "02_ClickOnSignIn" : {
    "transaction" : "02_ClickOnSignIn",
    "sampleCount" : 15,
    "errorCount" : 0,
    "errorPct" : 0.0,
    "meanResTime" : 343.99999999999994,
    "medianResTime" : 302.0,
    "minResTime" : 219.0,
    "maxResTime" : 706.0,
    "pct1ResTime" : 571.6000000000001,
    "pct2ResTime" : 706.0,
    "pct3ResTime" : 706.0,
    "throughput" : 0.6990399850871469,
    "receivedKBytesPerSec" : 2.6277258918585145,
    "sentKBytesPerSec" : 0.4464571779755802
  },
  "/actions/Catalog.action-57-14" : {
    "transaction" : "/actions/Catalog.action-57-14",
    "sampleCount" : 16,
    "errorCount" : 0,
    "errorPct" : 0.0,
    "meanResTime" : 236.18749999999997,
    "medianResTime" : 217.0,
    "minResTime" : 210.0,
    "maxResTime" : 511.0,
    "pct1ResTime" : 312.9000000000002,
    "pct2ResTime" : 511.0,
    "pct3ResTime" : 511.0,
    "throughput" : 0.6351222610352493,
    "receivedKBytesPerSec" : 0.4696353877222928,
    "sentKBytesPerSec" : 0.3268646792632582
  },
  "/actions/Catalog.action-57-13" : {
    "transaction" : "/actions/Catalog.action-57-13",
    "sampleCount" : 16,
    "errorCount" : 0,
    "errorPct" : 0.0,
    "meanResTime" : 219.5,
    "medianResTime" : 219.0,
    "minResTime" : 209.0,
    "maxResTime" : 229.0,
    "pct1ResTime" : 227.6,
    "pct2ResTime" : 229.0,
    "pct3ResTime" : 229.0,
    "throughput" : 0.6348954406571168,
    "receivedKBytesPerSec" : 0.5922306530494822,